City Name,City ID,Cloudiness,Country,Date,Humidity,Latitude,Longitude,Max Temperature (F),Wind Speed
Butaritari,2110227,100,KI,1558856579,75,3.07,172.79,84.86,12.33
Lagoa Formosa,3459181,0,BR,1558856750,100,-18.77,-46.41,51.01,4.41
Westport,2960970,75,IE,1558856751,81,53.8,-9.52,55.99,19.46
Mataura,6201424,84,NZ,1558856544,94,-46.19,168.86,53.01,5.61
Albany,5106834,75,US,1558856443,100,42.65,-73.75,59.0,3.36
Komsomolskiy,1486910,87,RU,1558856576,87,67.55,63.78,30.86,12.3
Hualmay,3939761,100,PE,1558856751,95,-11.1,-77.61,61.82,17.2
Bluff,2175403,10,AU,1558856558,50,-23.58,149.07,68.66,5.41
Bethel,5880568,90,US,1558856547,87,60.79,-161.76,50.0,8.05
Klaksvik,2618795,62,FO,1558856625,70,62.23,-6.59,42.8,4.7
Tuatapere,2180815,100,NZ,1558856583,94,-46.13,167.69,53.01,13.42
Saldanha,2737599,0,PT,1558856577,58,41.42,-6.55,60.74,2.93
Touros,3386213,75,BR,1558856609,100,-5.2,-35.46,75.2,5.82
Bambous Virieux,1106677,75,MU,1558856596,78,-20.34,57.76,75.2,13.87
Ahipara,2194098,4,NZ,1558856628,100,-35.17,173.16,62.01,11.03
Alyangula,2079582,84,AU,1558856658,61,-13.85,136.42,82.4,8.05
Morant Bay,3489440,20,JM,1558856753,74,17.88,-76.41,80.6,3.36
Atuona,4020109,25,PF,1558856557,75,-9.8,-139.03,81.62,14.27
Atbasar,1526038,0,KZ,1558856753,31,51.81,68.36,55.88,8.97
Kendari,1640344,100,ID,1558856753,95,-3.99,122.52,76.4,2.51
Longyearbyen,2729907,75,NO,1558856619,63,78.22,15.63,28.4,14.99
Kiama,2161515,0,AU,1558856753,36,-34.67,150.86,64.99,12.75
Sao Joao da Barra,3448903,0,BR,1558856606,96,-21.64,-41.05,62.72,5.26
Tommot,2015179,42,RU,1558856754,32,58.97,126.27,53.36,6.26
Solnechnyy,2016307,100,RU,1558856660,59,50.72,136.64,59.3,1.68
Iqaluit,5983720,20,CA,1558856623,92,63.75,-68.52,28.4,1.63
Faanui,4034551,58,PF,1558856553,70,-16.48,-151.75,82.16,5.32
Tiksi,2015306,86,RU,1558856581,88,71.64,128.87,33.02,9.69
Dunkirk,3020686,0,FR,1558856711,72,51.03,2.38,66.0,11.41
Antofagasta,3899539,90,CL,1558856509,63,-23.65,-70.4,60.8,3.36
Hofn,2630299,0,IS,1558856755,76,64.25,-15.21,32.84,6.22
Yellowknife,6185377,40,CA,1558856415,47,62.45,-114.38,33.8,9.17
Porbandar,1259395,0,IN,1558856755,55,21.64,69.61,91.4,11.41
Kodiak,4407665,90,US,1558856583,93,39.95,-94.76,64.99,11.41
Rikitea,4030556,100,PF,1558856555,85,-23.12,-134.97,71.9,27.34
Souillac,3026644,90,FR,1558856582,87,45.6,-0.6,61.0,5.82
Arraial do Cabo,3471451,79,BR,1558856556,78,-22.97,-42.02,72.26,17.9
Wukari,2318921,100,NG,1558856756,60,7.87,9.78,88.64,8.1
Tasiilaq,3424607,0,GL,1558856587,92,65.61,-37.64,28.4,1.12
Lagoa,2267254,0,PT,1558856565,77,37.14,-8.45,72.0,5.82
Qianguo,2035399,100,CN,1558856756,85,45.12,124.86,53.36,21.63
Agalatovo,584059,90,RU,1558856756,87,60.22,30.29,53.01,13.42
Tura,1254046,16,IN,1558856757,65,25.52,90.21,91.88,9.6
Busselton,2075265,0,AU,1558856544,39,-33.64,115.35,66.0,10.47
New Norfolk,2155415,75,AU,1558856549,66,-42.78,147.06,51.8,5.82
Qaanaaq,3831208,100,GL,1558856550,84,77.48,-69.36,31.94,1.99
Atar,2381334,0,MR,1558856757,17,20.52,-13.05,93.86,10.13
Provideniya,4031574,1,RU,1558856562,86,64.42,-173.23,39.14,1.32
Nador,2541479,0,MA,1558856733,49,35.17,-2.93,69.8,6.93
Nome,4732862,40,US,1558856568,88,30.04,-94.42,75.99,5.19
Ushuaia,3833367,20,AR,1558856457,95,-54.81,-68.31,37.4,5.82
Kant,1528193,0,KG,1558856758,33,42.89,74.85,75.2,8.95
Hambantota,1244926,40,LK,1558856560,79,6.12,81.12,89.6,12.75
Hilo,5855927,40,US,1558856559,83,19.71,-155.08,75.2,13.87
Sambava,1056899,0,MG,1558856618,48,-14.27,50.17,82.88,6.24
Nikolskoye,546105,90,RU,1558856550,87,59.7,30.79,52.0,13.42
Coffs Harbour,2171085,11,AU,1558856759,59,-30.3,153.13,71.01,5.82
Thompson,6165406,5,CA,1558856549,74,55.74,-97.86,30.2,2.24
Saint-Philippe,6138908,90,CA,1558856596,93,45.36,-73.48,63.0,6.93
Qasigiannguit,3420768,19,GL,1558856759,67,68.82,-51.19,33.8,4.7
Cherskiy,2126199,90,RU,1558856553,71,68.75,161.3,51.38,13.02
Castro,3896218,0,CL,1558856581,94,-42.48,-73.76,32.0,2.24
Jamestown,2069194,54,AU,1558856572,75,-33.21,138.6,54.8,10.6
Upernavik,3418910,68,GL,1558856581,86,72.79,-56.15,31.76,6.31
Katsuura,1865309,20,JP,1558856614,78,33.93,134.5,84.2,9.17
Biak,1637001,99,ID,1558856760,96,-0.91,122.88,68.12,2.8
Berlevag,780687,50,NO,1558856609,78,70.86,29.09,38.06,11.9
Ryotsu,1853371,97,JP,1558856760,37,38.08,138.43,82.4,6.93
Khatanga,2022572,97,RU,1558856577,100,71.98,102.47,38.42,7.43
Te Anau,2181625,94,NZ,1558856631,93,-45.41,167.72,49.22,4.72
Torbay,6167817,75,CA,1558856604,93,47.66,-52.73,37.99,4.7
Mankono,2284589,100,CI,1558856761,93,8.06,-6.19,74.42,3.8
Vestmanna,2610343,65,FO,1558856761,70,62.16,-7.17,42.8,4.7
Mogadishu,53654,75,SO,1558856761,66,2.04,45.34,87.8,13.87
Cape Town,3369157,0,ZA,1558856313,36,-33.93,18.42,82.99,1.12
Itacoatiara,3397893,34,BR,1558856762,96,-3.14,-58.44,73.34,1.7
Brodnica,3102627,100,PL,1558856762,59,53.26,19.4,66.0,1.01
East London,1006984,0,ZA,1558856329,72,-33.02,27.91,64.4,8.05
Vaini,1273574,40,IN,1558856577,36,15.34,74.49,93.2,5.82
Kapaa,5848280,40,US,1558856570,83,22.08,-159.32,78.8,11.41
Maceio,3395981,40,BR,1558856414,88,-9.67,-35.74,71.6,4.7
Koumac,2140558,72,NC,1558856762,76,-20.56,164.28,76.04,7.76
Talcahuano,3870282,90,CL,1558856763,87,-36.72,-73.12,50.0,5.82
Leningradskiy,2123814,2,RU,1558856763,95,69.38,178.42,33.74,1.1
Aleppo,170063,39,SY,1558856763,33,36.2,37.17,80.9,9.73
Christchurch,2192362,1,NZ,1558856763,87,-43.53,172.64,57.99,3.36
Tuktoyaktuk,6170031,2,CA,1558856578,94,69.44,-133.03,29.78,9.78
Port Macquarie,2152659,1,AU,1558856632,48,-31.43,152.91,71.01,5.82
Bredasdorp,1015776,74,ZA,1558856546,68,-34.53,20.04,66.2,1.12
Kavieng,2094342,100,PG,1558856569,73,-2.57,150.8,83.96,9.04
Soledade,3387258,75,BR,1558856764,94,-7.06,-36.37,69.8,8.05
Punta Arenas,3874787,0,CL,1558856567,79,-53.16,-70.91,33.8,6.93
Rawson,3839307,0,AR,1558856591,61,-43.3,-65.11,44.36,13.69
Hay River,5972762,20,CA,1558856646,59,60.82,-115.79,37.4,3.36
Bilma,2446796,24,NE,1558856590,6,18.69,12.92,103.22,13.73
Cap Malheureux,934649,75,MU,1558856765,78,-19.98,57.61,75.2,13.87
Hobart,2163355,75,AU,1558856558,66,-42.88,147.33,51.8,5.82
Itarema,3393692,76,BR,1558856627,96,-2.92,-39.92,74.78,5.68
Sibu,1735902,75,MY,1558856765,56,2.29,111.83,93.2,2.24
Mazatlan,3996322,5,MX,1558856736,94,23.22,-106.42,77.0,3.36
Champerico,3530097,74,MX,1558856650,86,16.38,-93.6,69.38,5.7
Ulaanbaatar,2028462,40,MN,1558856765,16,47.92,106.92,57.2,8.95
Saint George,262462,20,GR,1558856564,56,39.45,22.34,73.4,6.93
Omboue,2396853,98,GA,1558856766,86,-1.57,9.26,79.82,13.0
Ancud,3899695,0,CL,1558856654,85,-41.87,-73.83,32.0,2.24
Norman Wells,6089245,75,CA,1558856561,76,65.28,-126.83,53.6,4.7
Chokurdakh,2126123,100,RU,1558856592,99,70.62,147.9,33.02,9.95
Esperance,3573739,40,TT,1558856564,100,10.24,-61.45,78.01,9.17
Fort-Shevchenko,609906,0,KZ,1558856767,70,44.51,50.26,69.92,7.23
Cabedelo,3404558,20,BR,1558856767,100,-6.97,-34.84,75.2,5.82
Namibe,3347019,90,AO,1558856579,100,-15.19,12.15,60.8,3.33
Mackay,5921525,1,CA,1558856648,100,53.65,-115.58,41.0,6.93
Piacabucu,3454005,37,BR,1558856767,85,-10.41,-36.43,75.14,2.08
Ilulissat,3423146,19,GL,1558856577,66,69.22,-51.1,33.8,4.7
Impfondo,2259655,100,CD,1558856767,72,1.62,18.06,85.58,1.34
Liwonde,927834,33,MW,1558856768,53,-15.05,35.2,74.96,7.25
Ottawa,6094817,75,CA,1558856602,100,45.42,-75.69,61.0,8.05
Sur,286245,0,OM,1558856768,12,22.57,59.53,104.12,8.21
Puerto Leguizamo,3671437,100,CO,1558856768,98,-0.19,-74.78,71.9,1.61
Mahajanga,1062663,0,MG,1558856769,45,-15.72,46.32,84.2,9.17
Santiago del Estero,3835869,1,AR,1558856769,74,-27.8,-64.26,50.12,5.99
Faya,110690,40,SA,1558856769,56,18.39,42.45,73.4,4.45
Hermanus,3366880,98,ZA,1558856304,72,-34.42,19.24,82.0,1.99
Santa Isabel do Rio Negro,3662489,97,BR,1558856769,99,-0.41,-65.02,72.44,0.65
Puerto Ayora,3652764,36,EC,1558856544,89,-0.74,-90.35,74.96,7.83
Ginir,336454,27,ET,1558856770,68,7.14,40.71,71.36,4.29
Lompoc,5367788,90,US,1558856558,81,34.64,-120.46,55.4,8.77
Yunyang,1785661,84,CN,1558856770,32,32.84,110.81,64.99,6.17
Dyersburg,4619800,1,US,1558856770,69,36.03,-89.39,77.0,5.82
Orlik,1496073,67,RU,1558856770,20,52.51,99.83,55.88,8.61
San Felipe,3872255,100,CL,1558856771,97,-32.75,-70.73,53.01,4.99
Luanda,2240449,87,AO,1558856771,78,-8.83,13.24,78.74,3.49
Albion,5062806,40,US,1558856768,87,41.69,-98.0,61.0,5.44
Kavaratti,1267390,84,IN,1558856616,69,10.57,72.64,85.76,5.88
Framlev,2621967,75,DK,1558856772,76,56.16,10.01,53.6,13.87
Nicoya,3622716,100,CR,1558856623,93,10.15,-85.45,70.0,5.01
Cabo San Lucas,3985710,50,MX,1558856512,62,22.89,-109.91,72.0,15.52
Lokoshaza,718060,0,HU,1558856773,73,46.43,21.23,70.0,6.93
Baracoa,3567834,100,CU,1558856773,80,20.35,-74.5,79.1,11.1
Port Alfred,964432,44,ZA,1558856565,45,-33.59,26.89,75.99,5.01
Banes,3567869,40,CU,1558856773,88,20.96,-75.72,75.2,9.17
Mahebourg,934322,75,MU,1558856547,78,-20.41,57.7,75.2,13.87
Ribeira Grande,3372707,40,PT,1558856562,100,38.52,-28.7,64.4,1.12
Atambua,1651103,38,ID,1558856774,68,-9.11,124.89,86.84,5.01
Dubbo,2168305,0,AU,1558856774,51,-32.25,148.6,60.8,9.17
Aseri,592379,67,EE,1558856774,63,59.45,26.87,55.7,6.6
Victoria,1733782,75,BN,1558856266,74,5.28,115.24,89.6,6.93
Vila Velha,6320062,40,BR,1558856610,88,-3.71,-38.6,79.0,8.05
Kalevala,650705,90,FI,1558856775,66,64.12,29.58,55.34,1.79
Mindelo,2739997,0,PT,1558856775,63,41.31,-8.72,75.99,3.36
Flinders,6255012,0,AU,1558856664,36,-34.58,150.85,64.99,12.75
Pevek,2122090,85,RU,1558856584,98,69.7,170.27,34.64,3.69
Sobolevo,525426,15,RU,1558856595,65,54.43,31.9,62.54,10.07
Kuvandyk,538138,0,RU,1558856776,34,51.48,57.35,68.48,9.48
Georgetown,3378644,40,GY,1558856586,100,6.8,-58.16,75.2,4.7
Cayenne,3382160,0,GF,1558856565,94,4.94,-52.33,73.4,3.09
Vrises,260114,20,GR,1558856776,56,35.49,23.89,71.01,9.17
Salym,1493162,85,RU,1558856777,37,60.06,71.48,50.66,11.1
Presidente Epitacio,3452331,0,BR,1558856777,94,-21.76,-52.12,53.9,5.21
Saskylakh,2017155,97,RU,1558856546,100,71.97,114.09,34.1,6.11
Sotuta,3516515,43,MX,1558856777,87,20.6,-89.01,75.14,4.99
Mar del Plata,3863379,0,AR,1558856567,65,-46.43,-67.52,37.52,7.23
Kahului,5847411,75,US,1558856576,100,20.89,-156.47,73.99,8.05
Beringovskiy,2126710,66,RU,1558856778,92,63.05,179.32,37.52,5.3
Lebu,344979,40,ET,1558856543,44,8.96,38.73,70.64,8.34
Ponta do Sol,3453439,0,BR,1558856618,95,-20.63,-46.0,48.14,2.82
Gat,2249901,20,SN,1558856607,88,14.69,-16.54,68.0,10.29
Rio Rancho,5487811,1,US,1558856778,25,35.27,-106.63,61.0,4.7
Grand-Santi,3381538,95,GF,1558856779,99,4.27,-54.38,71.18,1.68
Bara,2347758,0,NG,1558856779,78,10.41,10.6,80.6,13.87
Beloha,1067565,0,MG,1558856646,45,-25.17,45.06,76.58,12.57
Panama City,4167694,1,US,1558856356,88,30.16,-85.65,80.01,3.36
Carnarvon,1014034,66,ZA,1558856544,27,-30.97,22.13,68.66,18.23
Kununurra,2068110,0,AU,1558856779,18,-15.77,128.74,93.2,8.05
Barstow,5528182,1,US,1558856780,64,31.46,-103.39,75.2,8.05
Dikson,1507390,33,RU,1558856557,84,73.51,80.55,30.32,15.97
Kikwit,2314705,100,CD,1558856780,32,-5.04,18.82,88.1,6.26
San Policarpo,1688696,100,PH,1558856780,73,12.18,125.51,86.66,10.47
Yeppoon,2142316,90,AU,1558856780,50,-23.13,150.74,77.0,9.17
Hit,95788,0,IQ,1558856781,9,33.64,42.83,96.2,18.19
Geraldton,5960603,75,CA,1558856575,100,49.72,-86.95,42.8,3.36
Zhangye,1785036,100,CN,1558856781,13,38.94,100.46,57.32,12.03
Bathsheba,3374083,20,BB,1558856639,74,13.22,-59.52,80.6,16.11
Myrtle Beach,4588718,75,US,1558856592,94,33.7,-78.89,79.0,6.93
Airai,1651810,37,TL,1558856627,68,-8.93,125.41,81.8,1.59
Saint-Joseph,3037456,8,FR,1558856626,87,43.56,6.97,66.99,3.36
Narsaq,3421719,97,GL,1558856631,29,60.91,-46.05,51.8,16.11
Marawi,1701054,100,PH,1558856782,76,8.0,124.29,86.0,5.01
Mareeba,2158767,40,AU,1558856782,78,-16.99,145.42,75.2,5.82
Lyambir,532895,100,RU,1558856782,69,54.28,45.12,63.26,11.52
Mragowo,764312,100,PL,1558856782,75,53.86,21.31,54.08,13.51
Barcelona,3128760,20,ES,1558856688,59,41.38,2.18,69.01,16.11
San Jose,1689431,100,PH,1558856783,68,15.79,120.99,85.94,3.83
Comodoro Rivadavia,3860443,0,AR,1558856644,56,-45.87,-67.48,44.6,5.82
Gainesville,4156404,20,US,1558856784,94,29.65,-82.33,73.4,8.05
Portland,5746545,75,US,1558856527,87,45.52,-122.67,50.0,4.7
Sao Filipe,3374210,57,CV,1558856571,74,14.9,-24.5,71.72,10.56
Lorengau,2092164,100,PG,1558856617,89,-2.02,147.27,77.3,2.95
Rio Gallegos,3838859,0,AR,1558856566,87,-51.62,-69.22,32.0,8.05
Khandyga,2022773,100,RU,1558856641,57,62.65,135.58,59.84,6.98
Barrow,3833859,100,AR,1558856573,72,-38.31,-60.23,51.2,6.6
Guerrero Negro,4021858,0,MX,1558856610,78,27.97,-114.04,63.08,8.46
College,5859699,1,US,1558856785,34,64.86,-147.8,68.0,5.82
Krasnyy Chikoy,2012349,1,RU,1558856785,19,50.36,108.75,59.48,6.98
Zeya,2012593,100,RU,1558856567,27,53.74,127.27,58.4,5.57
San Jose Ojetenan,3589983,75,GT,1558856785,100,15.22,-91.97,73.4,4.7
Qeshm,119374,20,IR,1558856498,23,26.96,56.27,105.8,4.7
Hithadhoo,1282256,73,MV,1558856579,66,-0.6,73.08,84.5,0.72
Zhaoyuan,2033149,100,CN,1558856786,80,45.52,125.08,53.72,20.49
Sumbe,3346015,21,AO,1558856786,98,-11.2,13.84,74.6,8.41
Rolla,4406282,40,US,1558856786,83,37.95,-91.77,73.0,6.93
Khiri Mat,1152876,40,TH,1558856638,44,16.83,99.8,102.0,5.82
Husavik,5961417,100,CA,1558856786,87,50.56,-96.99,44.01,3.0
Pierre,5767918,1,US,1558856786,87,44.37,-100.35,50.0,4.7
Loudeac,2997465,90,FR,1558856787,93,48.18,-2.75,59.0,8.05
Palmer,2067070,51,AU,1558856664,87,-34.85,139.16,60.01,11.99
Ushtobe,1517637,58,KZ,1558856787,28,45.25,77.98,79.1,10.63
Severo-Kurilsk,2121385,41,RU,1558856787,89,50.68,156.12,42.02,10.18
Ambilobe,1082243,6,MG,1558856787,39,-13.19,49.05,89.36,4.07
Codrington,2160063,0,AU,1558856593,63,-28.95,153.24,68.0,4.7
Maumere,1635815,32,ID,1558856788,67,-8.63,122.22,85.22,5.73
Avarua,4035715,9,CK,1558856283,69,-21.21,-159.78,75.2,11.41
Machinga,927643,33,MW,1558856788,53,-15.18,35.3,74.96,7.25
Oktyabrskiy,515873,40,RU,1558856788,77,55.61,37.97,66.99,2.24
Shenjiamen,1795632,100,CN,1558856788,91,29.96,122.3,70.82,24.76
Sorland,3137469,95,NO,1558856789,70,67.67,12.69,40.04,8.39
Harper,4696310,90,US,1558856789,83,30.3,-99.24,73.4,14.99
Baruun-Urt,2032614,99,MN,1558856789,21,46.68,113.28,58.58,15.55
Coihaique,3894426,0,CL,1558856789,95,-45.58,-72.07,35.6,3.13
Tilichiki,2120591,100,RU,1558856598,85,60.47,166.1,39.5,6.58
Evensk,2125693,95,RU,1558856632,70,61.92,159.24,44.9,0.4
Grindavik,3416888,75,IS,1558856607,87,63.84,-22.43,44.6,2.24
Nantucket,4944903,90,US,1558856638,82,41.28,-70.1,57.2,17.22
Adeje,2319133,100,NG,1558856790,63,5.68,5.76,88.1,5.64
Fortuna,2517679,0,ES,1558856549,77,38.18,-1.13,71.01,1.12
Manaus,3663517,0,BR,1558856790,94,-3.13,-59.98,78.8,3.36
San Miguel,3430545,0,AR,1558856792,76,-34.54,-58.72,57.99,4.7
Port Moresby,2088122,40,PG,1558856792,79,-9.47,147.16,84.2,17.22
Sale,2638678,100,GB,1558856719,93,53.42,-2.32,62.01,8.05
Yongzhou,1804162,100,CN,1558856792,55,26.46,111.6,89.72,3.62
Requena,2511930,0,ES,1558856793,55,39.49,-1.1,71.01,9.17
Huarmey,3939168,100,PE,1558856793,96,-10.07,-78.15,62.36,16.51
Ixtapa,4004293,40,MX,1558856793,94,20.71,-105.21,78.01,2.24
Vilhena,3924679,43,BR,1558856793,87,-12.74,-60.15,67.22,2.24
The Pas,6164499,75,CA,1558856793,69,53.82,-101.24,37.4,4.7
Glenwood Springs,5423092,75,US,1558856794,43,39.55,-107.33,46.4,4.7
Ozernovskiy,2122293,89,RU,1558856794,81,51.5,156.52,45.62,13.06
Cidreira,3466165,17,BR,1558856562,90,-30.17,-50.22,55.88,4.25
Methoni,257122,0,GR,1558856794,49,36.82,21.7,71.6,12.1
Borba,2270755,0,PT,1558856794,39,38.81,-7.46,66.2,3.36
Workington,2633553,96,GB,1558856795,97,54.64,-3.55,60.01,5.99
Vostok,2013279,66,RU,1558856566,51,46.45,135.83,77.3,6.02
Anori,3665315,9,BR,1558856795,98,-3.74,-61.66,72.44,0.4
Santa Maria da Vitoria,3450063,53,BR,1558856795,78,-13.39,-44.19,71.36,2.33
Aswan,359792,0,EG,1558856550,11,24.09,32.9,105.74,8.7
Prince Rupert,6113406,1,CA,1558856372,100,54.32,-130.32,48.2,3.36
Kieta,2094027,100,PG,1558856796,72,-6.22,155.63,83.96,10.2
Yamada,1849876,0,JP,1558856629,29,36.58,137.08,87.8,5.82
Abu Samrah,172515,13,SY,1558856622,22,35.3,37.18,81.44,7.9
Lasa,146639,20,CY,1558856796,69,34.92,32.53,77.0,8.05
Itaituba,3397967,14,BR,1558856643,95,-4.26,-55.99,71.72,1.92
Deogarh,1273246,71,IN,1558856796,19,21.53,84.72,105.38,4.9
Yulara,6355222,1,AU,1558856571,28,-25.24,130.99,73.4,8.05
Sharan,1120879,0,AF,1558856797,10,33.15,68.78,72.08,8.72
Yaan,2338660,100,NG,1558856797,61,7.38,8.57,87.38,6.6
Klyuchi,1503153,0,RU,1558856641,26,52.25,79.17,58.22,13.56
Miraflores,3674735,96,CO,1558856613,97,5.2,-73.14,51.92,3.09
Tyukalinsk,1488780,29,RU,1558856797,41,55.87,72.2,54.26,17.56
Half Moon Bay,5354943,90,US,1558856562,87,37.46,-122.43,57.2,11.41
Luderitz,3355672,0,NA,1558856590,17,-26.65,15.16,86.0,19.46
Lusaka,909137,0,ZM,1558856593,45,-15.42,28.28,72.98,9.6
Port Blair,1259385,84,IN,1558856686,77,11.67,92.75,86.84,16.37
Panacan,1715348,20,PH,1558856798,52,7.15,125.66,91.4,10.29
Cine,318372,0,TR,1558856798,56,37.61,28.06,73.4,9.17
Lavrentiya,4031637,1,RU,1558856574,95,65.58,-170.99,35.54,3.87
Santa Cruz de la Palma,2511180,20,ES,1558856799,72,28.68,-17.76,66.2,11.41
Hami,1529484,100,CN,1558856799,5,42.84,93.51,76.94,5.68
Kaitangata,2208248,92,NZ,1558856624,80,-46.28,169.85,54.0,3.0
Port Elizabeth,4501427,20,US,1558856551,100,39.31,-74.98,66.99,3.36
Bonavista,5905393,15,CA,1558856618,87,48.65,-53.11,37.0,1.01
Hamilton,5969785,20,CA,1558856438,100,43.26,-79.87,66.99,8.05
Kichera,2022129,1,RU,1558856799,44,55.93,110.1,47.96,7.29
Noumea,2139521,0,NC,1558856328,78,-22.28,166.46,75.2,4.7
Houma,1784874,0,CN,1558856526,13,35.63,111.36,82.88,26.06
Salalah,286621,20,OM,1558856800,70,17.01,54.1,89.6,10.29
Najran,103630,75,SA,1558856800,61,17.54,44.22,77.0,4.7
Esso,2125711,100,RU,1558856800,84,55.93,158.7,36.8,7.29
Balugaon,1277426,25,IN,1558856800,30,19.75,85.21,105.02,6.2
Muros,3115824,75,ES,1558856801,87,42.77,-9.06,62.01,8.05
Shushtar,114584,0,IR,1558856778,7,32.05,48.86,105.8,6.93
Mapiripan,3792394,100,CO,1558856801,94,2.89,-72.13,72.08,2.82
General Pico,3855075,98,AR,1558856801,70,-35.66,-63.75,49.4,4.81
La Palma,3687505,100,CO,1558856802,97,5.36,-74.39,66.5,2.77
Yar-Sale,1486321,97,RU,1558856642,91,66.83,70.83,32.84,17.2
Miri,2347470,100,NG,1558856802,33,10.31,9.75,95.84,5.41
San Quintin,1688687,100,PH,1558856591,79,17.54,120.52,82.52,1.66
Yumen,1528998,100,CN,1558856658,10,40.29,97.04,64.88,35.25
Plettenberg Bay,964712,76,ZA,1558856621,21,-34.05,23.37,85.04,9.84
Tezu,1254709,58,IN,1558856803,48,27.93,96.16,90.08,2.3
Saint-Esteve,2980313,61,FR,1558856803,59,42.71,2.84,66.99,12.75
Kjollefjord,779261,59,NO,1558856803,72,70.95,27.35,38.96,12.12
Sangar,2017215,68,RU,1558856803,29,63.92,127.47,62.18,13.76
Pisco,3932145,90,PE,1558856594,72,-13.71,-76.2,66.2,5.82
Hakui,1863341,0,JP,1558856804,29,36.89,136.78,87.8,5.82
Coquimbo,3893629,100,CL,1558856804,76,-29.95,-71.34,55.4,3.36
Ruteng,1629380,34,ID,1558856594,73,-8.61,120.46,80.72,1.25
Ambon,3037899,90,FR,1558856804,87,47.55,-2.56,60.01,4.7
Glens Falls,5118693,90,US,1558856303,82,43.31,-73.64,60.01,9.17
Podgorica,3193044,75,ME,1558856805,68,42.44,19.26,66.2,3.36
Tautira,4033557,75,PF,1558856805,74,-17.73,-149.15,80.6,4.7
Xai-Xai,1024552,9,MZ,1558856805,43,-25.04,33.64,78.2,6.42
Sitka,4267710,100,US,1558856555,98,37.17,-99.65,61.0,5.01
Zarubino,2012646,95,RU,1558856806,58,42.65,131.06,72.26,3.62
Tateyama,1849876,0,JP,1558856806,29,36.66,137.31,87.8,5.82
Coahuayana,3981460,98,MX,1558856580,49,18.62,-100.35,83.96,2.93
Chapais,5919850,90,CA,1558856806,100,49.78,-74.86,51.8,10.29
Howard Springs,6301965,0,AU,1558856806,58,-12.5,131.05,88.0,12.75
Bandarbeyla,64814,0,SO,1558856807,35,9.49,50.81,95.48,7.34
Kushiro,2129072,0,JP,1558856807,28,43.11,144.15,84.2,13.87
The Valley,3573374,75,AI,1558856615,78,18.22,-63.06,80.6,9.17
Ciudad Bolivar,3645532,100,VE,1558856807,74,8.12,-63.55,80.18,8.68
Pangnirtung,6096551,66,CA,1558856595,65,66.15,-65.72,29.78,1.77
North Platte,5697939,75,US,1558856612,87,41.12,-100.77,57.99,6.93
Nowogard,3090558,75,PL,1558856808,71,53.67,15.12,57.99,10.29
Ajdabiya,89113,93,LY,1558856808,40,30.75,20.22,79.64,17.34
Schrems,2765602,2,AT,1558856808,70,48.79,15.07,69.01,1.99
Yadrin,469809,100,RU,1558856808,62,55.94,46.2,64.34,11.48
Okhotsk,2122605,70,RU,1558856639,63,59.36,143.24,53.72,12.62
Planadas,3672077,100,CO,1558856809,99,3.2,-75.65,40.4,2.24
Camacha,2270385,40,PT,1558856809,72,33.08,-16.33,66.2,17.22
Avera,4231997,1,US,1558856557,88,33.19,-82.53,78.8,3.65
Dingle,1714733,100,PH,1558856809,53,11.0,122.67,89.0,2.77
Balabac,1728675,92,PH,1558856809,64,7.99,117.06,86.12,2.71
Nongpoh,1261208,40,IN,1558856810,69,25.9,91.88,89.6,2.24
Novyy Urengoy,1496511,67,RU,1558856610,88,66.08,76.63,30.5,9.19
Lobez,3093158,75,PL,1558856810,71,53.64,15.62,57.99,10.29
Herat,1140026,0,AF,1558856621,25,34.35,62.22,86.0,13.87
Rostovka,1496153,75,RU,1558856810,31,55.02,73.58,50.0,20.13
Rio Grande,3451138,92,BR,1558856574,94,-32.03,-52.1,49.22,2.68
Nyurba,2018735,0,RU,1558856811,37,63.29,118.35,59.84,5.91
Ballina,2966778,75,IE,1558856606,81,54.11,-9.15,54.0,19.46
Adwa,344420,0,ET,1558856811,30,14.16,38.9,80.72,11.92
Nanortalik,3421765,100,GL,1558856575,77,60.14,-45.24,39.86,7.96
Zhaotong,1784841,87,CN,1558856811,77,27.34,103.71,63.8,9.42
Nortelandia,3456248,31,BR,1558856811,80,-14.45,-56.8,64.52,2.3
Altamont,6065191,75,CA,1558856812,100,49.4,-98.5,46.4,10.29
Aklavik,5882953,75,CA,1558856630,74,68.22,-135.01,37.4,4.7
Xiaoweizhai,1789945,20,CN,1558856812,79,26.23,107.51,77.3,2.75
Bykov,2126359,20,RU,1558856812,49,47.32,142.56,71.6,13.42
Tolu,4552280,1,US,1558856812,94,35.81,-94.5,73.4,11.41
Beaverlodge,5896969,20,CA,1558856813,61,55.21,-119.43,46.4,3.02
Ostrovnoy,556268,90,RU,1558856813,59,68.05,39.51,42.56,17.31
Saint Anthony,5606187,90,US,1558856813,71,43.97,-111.68,50.0,8.05
Kanina,922773,21,CD,1558856813,48,-10.73,25.47,76.58,9.22
Sri Aman,1735799,40,MY,1558856814,63,1.24,111.46,93.2,2.24
Marsa Matruh,352733,14,EG,1558856814,62,31.35,27.25,71.54,5.19
Tromso,3133895,75,NO,1558856814,56,69.65,18.96,42.8,5.82
Buala,2109528,100,SB,1558856581,78,-8.15,159.59,82.52,7.9
Turukhansk,1488903,100,RU,1558856814,94,65.8,87.96,33.2,10.09
Port Hardy,6111862,5,CA,1558856436,93,50.7,-127.42,44.6,2.24
Morondava,1058381,0,MG,1558856815,62,-20.3,44.28,82.16,7.16
Payo,1638775,15,ID,1558856815,44,-3.75,103.64,85.58,3.91
Brae,2654970,100,GB,1558856815,70,60.4,-1.35,48.2,6.93
Caravelas,3466980,13,BR,1558856612,90,-17.73,-39.27,74.78,5.06
Sao Raimundo das Mangabeiras,3388147,39,BR,1558856815,80,-7.02,-45.48,72.8,3.09
Boffa,2422968,100,GN,1558856815,86,10.18,-14.04,78.56,1.25
Skjervoy,777682,56,NO,1558856816,70,70.03,20.97,37.52,3.6
Agadir,2561668,40,MA,1558856816,77,30.42,-9.58,64.4,7.49
Pudozh,504269,100,RU,1558856816,85,61.81,36.54,48.86,10.16
Saltillo,3988086,0,MX,1558856816,82,25.42,-100.99,73.0,3.42
Valparaiso,4927537,90,US,1558856817,88,41.47,-87.06,73.4,4.41
Maningrida,2067089,61,AU,1558856817,59,-12.05,134.23,81.98,6.76
Sivaki,2016477,67,RU,1558856817,23,52.63,126.75,64.88,8.41
Pinheiro Machado,3453741,100,BR,1558856817,97,-31.58,-53.38,48.86,5.82
Gorontalo,1643837,44,ID,1558856817,67,0.54,123.06,85.04,4.43
Kokkola,651951,90,FI,1558856818,87,63.84,23.13,46.0,4.7
Chuy,3443061,96,UY,1558856560,79,-33.69,-53.46,56.06,11.56
Kidal,2455290,16,ML,1558856818,10,18.44,1.41,103.94,15.39
Taloqan,1123004,2,AF,1558856590,24,36.74,69.54,79.64,5.77
Tecoanapa,3532499,75,MX,1558856620,88,16.99,-99.26,80.6,4.7
Mount Gambier,2156643,40,AU,1558856818,93,-37.83,140.78,50.0,19.46
Verkhoyansk,2013465,51,RU,1558856819,34,67.55,133.39,51.56,11.27
Los Llanos de Aridane,2514651,20,ES,1558856819,72,28.66,-17.92,66.2,11.41
Partizanskoye,693805,45,UA,1558856819,57,44.83,34.08,71.54,14.65
Clyde River,5924351,90,CA,1558856593,79,70.47,-68.59,28.4,5.82
Tikamgarh,1254534,0,IN,1558856819,9,24.74,78.83,109.52,9.86
Shanghai,1796236,90,CN,1558856680,94,31.23,121.49,80.01,17.9
Lensk,2020838,0,RU,1558856820,24,60.71,114.91,59.84,5.66
Kruisfontein,986717,100,ZA,1558856577,31,-34.0,24.73,80.36,8.37
Saint-Georges,6295855,100,CA,1558856614,96,46.12,-70.67,55.99,4.29
Kamaishi,2112444,0,JP,1558856820,31,39.28,141.86,87.8,8.05
Gribanovskiy,558799,59,RU,1558856820,78,51.46,41.98,67.58,12.35
Coroata,3390814,31,BR,1558856820,91,-6.39,-44.31,69.56,0.92
Uvinza,149050,63,TZ,1558856615,47,-5.1,30.39,81.62,8.3
High Prairie,5975034,0,CA,1558856821,41,55.43,-116.48,42.56,3.74
Fuglebjerg,2621805,100,DK,1558856821,93,55.31,11.55,52.0,11.41
Gari,1506676,7,RU,1558856821,30,59.43,62.35,61.1,7.99
Guarapari,3461888,75,BR,1558856821,73,-20.67,-40.5,75.2,9.17
Kalmar,2702261,95,SE,1558856822,71,56.66,16.36,53.6,12.75
Vao,588365,98,EE,1558856822,59,59.1,26.19,58.76,8.81
Birao,240210,26,CF,1558856822,25,10.3,22.78,100.16,7.83
Peniche,2264923,0,PT,1558856822,72,39.36,-9.38,69.01,8.05
Morehead,4301307,75,US,1558856823,68,38.18,-83.43,71.6,5.82
Nanakuli,5851349,1,US,1558856823,78,21.39,-158.15,78.8,12.03
Locri,2524371,75,IT,1558856619,26,38.24,16.26,75.2,19.46
Alice Springs,2077895,0,AU,1558856616,31,-23.7,133.88,73.4,10.29
Mitsamiouli,921786,40,KM,1558856823,66,-11.38,43.28,86.0,10.29
Mayo,6068416,40,CA,1558856823,62,63.59,-135.9,53.6,1.19
Tsaratanana,1055059,0,MG,1558856824,54,-16.8,47.65,77.48,10.78
Nola,2383827,100,CF,1558856824,91,3.52,16.05,77.3,1.05
Micheweni,153955,58,TZ,1558856824,78,-4.97,39.83,80.18,17.02
Tongchuan,7064006,0,CN,1558856824,16,34.9,108.95,91.4,11.18
Mocuba,1024312,6,MZ,1558856824,65,-16.84,36.99,76.58,7.11
Shakawe,933077,0,BW,1558856825,30,-18.36,21.84,75.5,9.64
Gornopravdinsk,1506268,1,RU,1558856825,32,60.06,69.92,54.26,11.7
Fairbanks,5861897,1,US,1558856825,34,64.84,-147.72,68.0,5.82
Roald,3141667,75,NO,1558856826,75,62.58,6.12,48.2,12.75
Windhoek,3352136,0,NA,1558856826,25,-22.57,17.08,63.0,1.12
Nuuk,3421319,95,GL,1558856662,70,64.17,-51.74,42.8,6.93
Lapa,3458826,0,BR,1558856826,97,-25.77,-49.72,48.99,2.17
Juneau,5554072,20,US,1558856556,76,58.3,-134.42,53.6,4.25
Winnemucca,5710360,90,US,1558856401,66,40.97,-117.74,48.2,6.93
Nizwa,286987,0,OM,1558856768,13,22.93,57.53,94.76,6.89
Vila Franca do Campo,3372472,20,PT,1558856827,88,37.72,-25.43,64.4,2.24
Male,695464,39,UA,1558856827,72,50.74,33.7,68.66,14.38
Shitanjing,1794971,100,CN,1558856827,21,39.23,106.34,64.0,5.99
Thunder Bay,6166142,5,CA,1558856828,100,48.41,-89.26,52.0,5.82
Cristobal Obregon,3530097,74,MX,1558856828,86,16.35,-93.53,69.38,5.7
Buraydah,107304,0,SA,1558856601,19,26.33,43.97,98.6,4.7
Rodrigues Alves,3665210,90,BR,1558856828,100,-7.74,-72.65,71.6,1.3
Mount Isa,2065594,40,AU,1558856618,28,-20.73,139.49,80.6,10.29
Port Keats,2063039,8,AU,1558856828,56,-14.25,129.55,84.32,3.87
Penzance,2640377,90,GB,1558856829,93,50.12,-5.53,61.0,13.87
Egvekinot,4031742,94,RU,1558856647,98,66.32,-179.17,32.3,7.05
Paita,3694112,100,PE,1558856829,89,-5.09,-81.11,67.58,13.56
Tabou,2281120,100,CI,1558856829,92,4.42,-7.36,77.84,1.9
Pandan,1695555,100,PH,1558856829,74,11.72,122.09,83.78,5.06
Saeby,2614172,10,DK,1558856830,85,57.33,10.52,51.01,3.0
Altagracia de Orituco,3649408,100,VE,1558856830,99,9.86,-66.38,68.12,1.68
Pervomayskoye,1495256,96,RU,1558856830,65,57.07,86.23,44.72,21.3
Fianarantsoa,1064890,100,MG,1558856830,87,-21.45,47.09,58.4,5.95
Inirida,3671450,100,CO,1558856831,99,3.87,-67.92,74.24,0.69
Verkhnevilyuysk,2013639,72,RU,1558856831,52,63.45,120.31,58.4,6.4
Richards Bay,962367,0,ZA,1558856546,68,-28.77,32.06,73.52,15.32
Mahibadhoo,1337605,97,MV,1558856831,76,3.78,72.97,85.22,17.18
Xining,1788852,86,CN,1558856831,48,36.62,101.77,48.32,15.26
Chauk,1327659,58,MM,1558856832,31,20.89,94.82,100.7,4.41
Presidente Franco,3437444,0,PY,1558856832,100,-25.57,-54.62,53.6,5.82
Raisen,1258952,0,IN,1558856832,18,23.33,77.78,105.8,4.7
Kontagora,2334008,82,NG,1558856833,46,10.4,5.47,91.88,6.55
Killybegs,2963295,90,IE,1558856833,81,54.63,-8.45,53.6,20.8
Nenjiang,2035601,100,CN,1558856833,48,49.17,125.23,63.26,6.35
Zhuhai,2052479,40,CN,1558856833,48,40.71,112.04,60.8,15.66
Antalaha,1071296,83,MG,1558856833,72,-14.9,50.28,74.06,4.9
Jardim,3460087,0,BR,1558856834,77,-21.48,-56.15,54.62,6.04
Szamotuly,3083878,20,PL,1558856834,62,52.61,16.58,62.01,13.87
Ayagoz,1525988,79,KZ,1558856834,70,47.96,80.43,49.76,18.25
Rome,6539761,40,IT,1558856420,93,41.89,12.48,64.99,5.82
Scottsbluff,5699404,1,US,1558856534,76,41.87,-103.67,55.99,12.75
Ukiah,5404476,85,US,1558856734,54,39.15,-123.21,52.0,7.0
Nara,1855612,0,JP,1558856401,40,34.68,135.8,91.99,8.05
Vardo,4372777,1,US,1558856491,93,39.62,-77.74,68.0,3.33
Valley City,5062292,1,US,1558856835,100,46.92,-98.0,48.2,5.68
Labuhan,1641899,87,ID,1558856649,84,-2.54,115.51,83.6,2.35
Baghdad,98182,75,IQ,1558856835,13,33.3,44.38,98.6,10.29
Sungai Besar,1735199,75,MY,1558856835,70,3.68,100.99,87.8,8.05
Riverton,5836665,1,US,1558856795,70,43.02,-108.38,48.2,6.93
Haines Junction,5969025,80,CA,1558856592,49,60.75,-137.51,48.14,4.9
Rylsk,695019,69,RU,1558856836,73,51.57,34.68,68.66,12.62
Nezhinka,522312,0,RU,1558856836,18,51.77,55.37,71.6,11.18
Chipinge,893549,46,ZW,1558856836,54,-20.19,32.62,70.28,7.07
Aborlan,1732385,90,PH,1558856837,78,9.44,118.55,82.4,1.86
Marzuq,72181,22,YE,1558856837,29,14.4,46.47,83.96,1.86
Susanville,5572400,75,US,1558856837,37,40.42,-120.65,53.6,12.19
Jijiga,333795,15,ET,1558856837,49,9.35,42.8,73.7,0.96
Ibra,287832,0,OM,1558856837,12,22.69,58.55,98.0,3.38
Dali,1814093,46,CN,1558856560,42,25.6,100.24,78.2,9.64
Chulym,1507679,98,RU,1558856838,42,55.09,80.97,49.58,17.11
Tabas,113659,23,IR,1558856838,14,33.6,56.92,96.8,2.24
Vangaindrano,1054329,52,MG,1558856838,68,-23.35,47.6,72.26,4.45
Chingirlau,610091,27,KZ,1558856838,28,51.09,54.08,76.04,12.37
San Patricio,3437029,0,PY,1558856603,98,-26.98,-56.83,52.46,5.7
Middle Island,5126787,90,US,1558856839,87,40.88,-72.94,61.0,6.93
Mpongwe,905789,14,ZM,1558856839,55,-13.51,28.16,71.18,7.43
Dzhebariki-Khaya,2024626,100,RU,1558856839,59,62.22,135.8,58.04,6.69
Barra do Corda,3406318,37,BR,1558856839,99,-5.5,-45.25,71.0,1.1
Lazarev,2123836,99,RU,1558856839,83,52.23,141.51,38.6,3.69
Kundiawa,2093059,99,PG,1558856648,99,-6.02,144.97,54.98,2.01
Itupiranga,3397851,0,BR,1558856840,100,-5.13,-49.33,75.2,1.07
Bell Ville,3864331,100,AR,1558856840,88,-32.63,-62.69,54.44,6.62
Oranjestad,3577154,40,AW,1558856840,88,12.52,-70.03,80.6,13.87
Olovyannaya,2018498,76,RU,1558856840,20,50.94,115.59,61.28,10.98
Los Alamos,5476825,0,US,1558856841,15,35.88,-106.3,59.0,8.05
Kachug,2023333,13,RU,1558856841,19,53.96,105.89,65.6,5.5
Namatanai,2090021,100,PG,1558856643,78,-3.66,152.44,79.64,5.21
Santa Rosa,3835994,100,AR,1558856583,46,-36.62,-64.29,53.36,5.21
Vagay,1487860,0,RU,1558856843,30,57.94,69.02,56.24,11.92
Sistranda,3139597,75,NO,1558856647,75,63.73,8.83,44.6,11.41
Ust-Kulom,478050,100,RU,1558856843,58,61.69,53.69,54.98,12.41
Zaraza,3625066,100,VE,1558856843,77,9.35,-65.33,78.02,4.09
Oneonta,5129852,58,US,1558856843,96,42.45,-75.06,64.0,6.91
Kaz,1489779,100,RU,1558856844,91,53.11,87.55,44.9,8.59
Auki,2339937,54,NG,1558856844,45,12.18,6.51,91.34,10.65
imeni Tsyurupy,538601,40,RU,1558856844,77,55.5,38.64,75.0,2.24
Aykhal,2027296,0,RU,1558856587,34,65.95,111.51,50.0,6.71
La Ronge,6050066,75,CA,1558856844,75,55.1,-105.3,44.6,8.05
Fort Nelson,5955902,40,CA,1558856845,76,58.81,-122.69,50.0,3.36
Ternate,1682474,75,PH,1558856622,66,14.29,120.72,89.6,6.93
Darhan,2031964,0,MN,1558856845,24,49.49,105.92,62.54,5.64
Sao Sebastiao,3397893,34,BR,1558856845,96,-3.15,-58.36,73.34,1.7
Iquique,3887127,90,CL,1558856845,63,-20.22,-70.14,62.6,2.24
Sibenik,3187694,100,HR,1558856846,58,45.81,17.18,73.7,2.48
Ouadda,236901,92,CF,1558856846,37,8.07,22.4,93.32,6.93
Savannakhet,1653316,75,TH,1558856846,66,16.57,104.76,86.0,4.7
Port Lincoln,2063036,97,AU,1558856660,70,-34.72,135.86,61.46,29.73
Sept-Iles,6144312,75,CA,1558856485,61,50.2,-66.38,48.99,12.75
Okha,2122614,27,RU,1558856846,85,53.59,142.95,37.7,4.34
Marsabit,187585,48,KE,1558856847,43,2.34,37.99,88.82,18.5
Zabid,69559,4,YE,1558856847,30,14.2,44.5,81.26,5.68
Dawlatabad,1142226,0,AF,1558856847,15,36.41,64.91,85.94,10.49
Erenhot,2037485,100,CN,1558856847,22,43.65,111.97,64.7,17.9
Vanimo,2084442,100,PG,1558856661,68,-2.67,141.3,84.32,7.4
Saint-Francois,2980080,0,FR,1558856848,77,46.42,3.91,62.01,4.36
Samfya,899274,22,ZM,1558856848,57,-11.37,29.56,72.98,7.02
Manokwari,1636308,45,ID,1558856848,84,-0.87,134.08,76.4,4.38
Muli,1256929,0,IN,1558856848,15,22.62,71.45,105.38,15.19
Taoudenni,2450173,0,ML,1558856616,8,22.68,-3.98,98.18,9.01
Grand Baie,934482,75,MU,1558856848,78,-20.02,57.58,75.2,13.87
Botwood,5906229,40,CA,1558856849,100,49.14,-55.34,37.4,4.7
Mikhaylovka,2015842,7,RU,1558856849,22,52.96,103.29,71.0,11.79
San Vicente de Canete,3928993,100,PE,1558856768,87,-13.08,-76.38,62.0,11.48
Marabba,370510,43,SD,1558856849,25,12.35,32.18,99.26,9.22
Soligalich,491025,67,RU,1558856849,60,59.08,42.29,65.6,9.91
Havre-Saint-Pierre,5972291,20,CA,1558856587,86,50.23,-63.6,41.0,9.17
Naron,3115739,75,ES,1558856850,87,43.52,-8.15,59.0,7.61
Xunchang,1787901,1,CN,1558856850,57,28.45,104.71,85.22,5.68
Alugan,1731248,100,PH,1558856850,88,12.22,125.48,82.16,3.15
Urubicha,3923644,45,BO,1558856850,92,-15.63,-63.08,67.22,2.93
Pangkalanbuun,1632694,100,ID,1558856685,71,-2.68,111.62,84.32,5.14
Kouango,2385535,100,CF,1558856851,48,4.99,19.98,90.62,4.16
Delano,5342485,1,US,1558856851,62,35.77,-119.25,60.01,5.82
